LAT,LONG
59.385713666373405,27.815933735396694
58.9994311280356,27.311567859955566
59.35250561775599,26.817809393070117
59.44386694744252,26.745965677118225
59.10965876236703,26.61453499187632
58.13210987557471,26.525476221801657
58.12330640203055,26.516358553995634
58.0428916135756,26.493723792286342
58.23760597565586,26.41375758375089
57.94198443679643,26.368403781416013
59.36055484054026,26.41375818886826
59.42676527445964,26.224533989762318
58.97020177889421,26.134322746471074
58.681672516147856,25.91832398365312
59.2744599383119,25.916360978714238
59.274715192342306,25.898829249621826
59.459538414731455,25.847367418773175
59.459784415945386,25.82974015819325
58.01038916401579,25.755227398366088
59.55860582105206,25.82620680776427
59.460028059147426,25.812112644827724
59.554362708176434,25.808289748011443
59.55448338430435,25.79945146435466
59.46026934428773,25.794484881105948
59.54563083959724,25.790141253272
59.42898347540833,25.784029557687123
59.55023663727819,25.781539909917278
59.460508271317,25.776856869457475
59.61316347327101,25.775979124104573
59.590732269826255,25.774807548930696
59.46062685052472,25.768042771420024
59.56841919331084,25.764795493479937
59.54598745509466,25.763632823774483
59.460744840186386,25.75922861231208
59.59994111786076,25.75757556146847
59.54173583867286,25.745730206805934
59.465465612021944,25.741829049172985
59.59568877778524,25.73964529846419
59.55082516280433,25.737352764454158
59.54185233134943,25.73689498237271
59.586832180199934,25.730339377948763
59.582345826355684,25.730111139350626
59.57785946335485,25.72988296094234
59.57337309122555,25.729654842700114
59.56888670999579,25.729426784600154
59.559913920347235,25.728970848731944
59.55542751198454,25.72874297091618
59.53299533590858,25.727604482071605
59.46569749448315,25.724197993040207
59.58694764083698,25.7214923878058
59.58246127199219,25.721265315133156
59.57797489399406,25.72103830234331
59.57348850687071,25.72081134941257
59.60052160587256,25.713323415616756
59.58706250974828,25.712645337756353
59.58257612597975,25.712419431032902
59.57808973306112,25.712193583885167
59.57360333102044,25.71196779628959
59.52873881507295,25.709713190528284
59.46144039735414,25.706342392195047
59.60960864181938,25.704922821711587
59.591663176368456,25.704023028150385
59.58717678692794,25.703798228107626
59.52885289949188,25.700881214607055
59.52436638415457,25.700657242523885
59.47052752309241,25.697974170139403
59.56485831428547,25.693833774776557
59.52447986310426,25.69182636962779
59.46166753310528,25.68871317736365
59.51561963564745,25.682552317044028
59.511245318581466,25.673503338439502
59.461892310459554,25.671083729187174
59.502383755960444,25.66423764643342
59.269068416111686,25.652926688750274
59.49352151074153,25.654976768972958
59.46211472937104,25.653454050096567
59.457628012594995,25.653236747491796
59.33199665610809,25.647175374519225
59.32302275357579,25.646744119276565
59.31404882100485,25.64631308974766
59.30507485861808,25.64588228575539
59.48914526406468,25.64593718894469
59.273775485752914,25.635609677133868
59.48028168702347,25.636684657750944
59.47130825525816,25.636254287021977
59.462334789794276,25.635824142522985
59.27388462639062,25.626843053050656
59.47590416359066,25.627650930760275
59.34578555283796,25.621467730589615
59.296428500119845,25.61913464788981
59.27848025899426,25.61828791761791
59.49395967057985,25.6196842811827
59.489472956189125,25.61947121714005
59.46255249168424,25.618194008897756
59.35038071761344,25.612893917198118
59.296536537638296,25.610362183618516
59.29204947432817,25.61015156447021
59.28756240371533,25.60994100039785
59.283075325827575,25.609730491379832
59.57482735630517,25.61468485056128
59.4940677351049,25.610861018324254
59.485094269765376,25.610437265523267
59.476120770427976,25.610013735565506
59.296643988326515,25.60158966424968
59.28766982663911,25.60117077369485
58.62351610305967,25.57076927346745
59.49417520944503,25.60203769971104
59.462767834996455,25.600563651652408
59.458281033567815,25.600353294721284
59.45379422381045,25.60014299306548
59.35508235852644,25.595530297331127
59.296750852179116,25.592817090082875
59.476335017748816,25.592376317703238
59.46736142908865,25.591957644167103
59.458493990651554,25.582725031687687
59.35529468228904,25.577955121249172
59.472060087912354,25.574531632589917
59.364374008740576,25.569578783356526
59.4587045893754,25.56509654998378
59.5530314826603,25.56058948300489
59.521624413261854,25.559151085106357
59.36906989809606,25.552202123134702
59.51724165457529,25.550116365125717
59.45891282969633,25.54746785204068
59.51285826969322,25.541083968377297
59.44106839577674,25.537844943388308
59.36927642354702,25.534619502931058
59.45911871157175,25.529838940289686
59.3738658749608,25.526028155460438
59.575877992546,25.526239902232916
59.504089622386765,25.523026142302818
59.468194606255324,25.521424331472545
59.37396768062594,25.517235561878316
59.46829609944696,25.512607427574714
59.45483529025238,25.512011090320645
59.37865662976546,25.499846856523867
59.45952339981823,25.49458048509008
59.45503642903733,25.49438407346213
59.450649122116445,25.485375284782577
59.37885614961683,25.482259002682806
59.32949731745447,25.480124131554586
59.21731484470947,25.475294943959867
59.48664401036402,25.478116596631917
59.459722206106555,25.476950946504942
59.33408327165819,25.471535461620192
59.48225564652196,25.469101554949315
59.450846697878816,25.467750273915932
59.3790533163658,25.464670944994513
59.23097330155784,25.45836045344396
59.21751109628554,25.45778946730061
59.48684061093312,25.460472948935728
59.473379670009585,25.459896849263853
59.45991865378394,25.459321203838837
59.38812532661166,25.456258744500218
59.3836381758673,25.45606776744332
59.45552895850218,25.45031563349564
59.45104191562098,25.450125060344234
59.44655486451527,25.449934537261512
59.442067805213014,25.449744064227747
59.37924812997222,25.447082685873905
59.22219243923423,25.440471787543242
59.21770500563301,25.440283792034013
59.46908681228776,25.442070339960907
59.45562569564097,25.441501794021452
59.446651576581225,25.44112301235035
59.44216450474656,25.44093369614251
59.20882616966315,25.431157319491295
59.451234775303035,25.43249964649781
59.44674769920353,25.432311437693915
59.442260614912804,25.43212327833159
59.3794405903964,25.429494227736075
59.33905547962996,25.427809214205528
59.222384031036356,25.422963632446276
59.20443415722251,25.422221075517644
59.08326979878004,25.417229012905846
59.20004152819008,25.41328711310356
59.46039945379209,25.41524597028085
59.45142527688557,25.414874034807163
59.44693817609762,25.414688140360038
59.38411791824564,25.41209073694654
59.37963069759917,25.41190557299628
59.20462330876557,25.404721857649378
59.08794596703643,25.399973182517066
59.482929203023524,25.40735567666823
59.46946801305678,25.40680059017595
59.384212101567286,25.4032951839418
59.09252703109603,25.39143397745106
59.08803935135284,25.39125306304621
59.46507474647952,25.39779925729324
59.45161342032967,25.397248227702946
59.447126295158654,25.397064647689586
59.236222666518785,25.38849046008929
59.11057055057933,25.383432269810275
59.092619843952136,25.38271267764808
59.456193736779795,25.3886177223401
59.451706607737776,25.388435251630376
59.44721947048975,25.38825282886247
59.42927083999618,25.387523616831455
59.420296476239244,25.387159297976233
59.38888595221975,25.385885687004595
59.1151505008325,25.37488526730804
59.10617514799909,25.374527553290804
59.09719977090038,25.374170025337293
59.45179920559686,25.379622227615986
59.44731205634821,25.379440962112426
59.44282489892405,25.37925974422804
59.43833773335232,25.379078573944074
59.41141457038578,25.377992550799696
59.40692734856239,25.377811713194195
59.375516575477526,25.37654717753021
59.29474430000328,25.37330614613318
59.28576945519517,25.37294697324117
59.24089480523655,25.371153922838477
59.097291428576625,25.365447498685953
59.460865511617754,25.37116951442537
59.38458295084692,25.36811249230684
59.29932331588937,25.36471190932226
59.27688612684343,25.36381982653338
59.10187021777938,25.35690139870855
59.097382502681036,25.35672492584958
59.45646979747182,25.362175034926107
59.443008278437006,25.36163818215153
59.41608502127414,25.360565744916954
59.384674192141496,25.359316701004527
59.3083891817977,25.356292833834466
59.26800213628652,25.35469740239931
59.24556464050419,25.353812672191967
59.16030060880934,25.350461209010753
59.09747299320903,25.34800230712281
59.461047806802895,25.353538598354675
59.38925214162024,25.35069800430857
59.37579022850503,25.35016671956488
59.37130290865282,25.349989717503828
59.3398914558202,25.348752001153247
59.26360498807587,25.34575554511376
59.25911748422647,25.345579697511766
59.10205063848366,25.339453847718737
59.48806097604843,25.345784421037926
59.47908670734008,25.345430451285928
59.44318930030839,25.3440164321026
59.38934221773141,25.34190096670553
59.38036759342897,25.341549036328143
59.34895616580142,25.34031873217686
59.34446878856639,25.34014315860196
59.339981403807116,25.339967631013046
59.33549401155144,25.33979214939206
59.33100661182716,25.339616713720954
59.32651920466212,25.33944132398168
59.32203179008413,25.339265980156206
59.254719700769094,25.336641320195884
59.13804175271447,25.332116193812908
59.47917642714959,25.336610241592187
59.44327892711692,25.33520548734765
59.38943170533778,25.333103882935358
59.34007076412579,25.331183214904918
59.33558336031335,25.331008883081484
59.3310959490348,25.330834596907085
59.254808841931684,25.327878698912205
59.25032130101757,25.327705231364387
59.24583375316539,25.32753180912662
59.23685863675791,25.32718510051029
59.12915516461559,25.323038676822424
59.11569197206132,25.322522194620753
59.10671647977829,25.322178097090255
59.474778386823004,25.32761538898534
59.461316826665374,25.327091874285788
59.443367964501235,25.326394496510634
59.36708387023561,25.323438798487995
59.358109122751344,25.323091935000043
59.35362173759108,25.322918571421056
59.34913434485581,25.322745253261584
59.34464694457338,25.32257198050378
59.340159536771644,25.322398753129818
59.33567212147842,25.322225571121862
59.33118469872155,25.3220524344621
59.25040984451341,25.318943708872418
59.24592228522943,25.31877143045557
59.13821885384564,25.31465020618106
59.12026792201667,25.3139658380996
59.11129241919915,25.313623921151557
59.38960891501787,25.315509578102656
59.37614686338103,25.314992127215906
59.37165949737472,25.314819734024617
59.3447351409492,25.3137863232284
59.34024772174018,25.31361424598871
59.33576029504212,25.313442213814053
59.33127286088286,25.313270226686736
59.259472922301,25.310524544681606
59.147281979168184,25.306257323059963
59.43905701219098,25.308600461441728
59.385209282939584,25.306540981947467
59.38072192103149,25.306369651190625
59.35379758807674,25.30534260940824
59.26853543111427,25.302100936357757
59.24609759109605,25.301250538430544
59.16083225464708,25.29802913031953
59.15185681887365,25.29769096221053
59.10249147610628,25.29583418232408
59.470554989039,25.300986750627548
59.39427112825646,25.2980853593956
59.38080903201683,25.29757469184441
59.2731098191626,25.293503768845433
59.16091881600057,25.289290294571405
59.43923093837694,25.290980475712914
59.39884504549854,25.289456053849957
59.349483648977646,25.28759775302073
59.232807698541166,25.283226622674007
59.44829159426583,25.28250735183026
59.39444365208921,25.280488387869408
59.38098148885798,25.279984639592143
59.277769314967784,25.276135695994668
59.223917974749476,25.274136725089903
59.165577926297495,25.27197822748896
59.51568554465363,25.2762102141481
59.43940250708163,25.273360311800346
59.403503789669415,25.272023580361964
59.390041640068674,25.271523029255263
59.20605222619936,25.264721429970532
59.08039438471276,25.260118093732657
59.466411172481095,25.265547611397636
59.43948740736756,25.264550163784218
59.2240873102734,25.2566268239571
59.21959963215317,25.25646280994636
59.206136557554565,25.25597102466744
59.16574697810324,25.254497975696648
59.439571718270045,25.25573997213305
59.408160214982544,25.254586358250297
59.29148560786305,25.250319998637533
59.282510431191845,25.24999301854046
59.21070801249106,25.24738332098626
59.46657933563302,25.247913292640586
59.41273125294892,25.245947730659648
59.3813193418999,25.24480400930646
59.219766603174,25.238955021887687
59.16142590600789,25.236856371249818
59.098596262590775,25.234604221721504
59.094108385223336,25.234443667663307
59.43525121670783,25.237956840560145
59.412814320475135,25.237144387932094
59.28267653087821,25.232453110017705
59.1839472880048,25.228917872141473
59.1615083746171,25.228117235323325
59.11663007446623,25.22651908694293
59.417384204931665,25.228502252654156
59.37699726965476,25.227052524129977
59.21544350387626,25.221287661375104
59.18402922472666,25.22017299977642
59.17505365753677,25.219854898613765
59.12119972130575,25.2179497688554
59.45785249297849,25.22114041759143
59.435415691445684,25.220338469999295
59.40849126432237,25.219377522010564
59.381566553485776,25.21841808604986
59.350154040289,25.217300650374984
59.282840283626825,25.214913032933826
59.21103718419064,25.212376541912175
59.184110576372895,25.211428085929562
59.17064718445139,25.21095441415117
59.16167155774752,25.210638838675163
59.453446544499386,25.212166066611935
59.42203483548795,25.211052026441976
59.377160291045826,25.20946408760201
59.35023519378197,25.20851332134117
59.18419134293943,25.202683130897874
59.170727919779175,25.202212876951187
59.148288753418555,25.201429936959105
59.139313042804076,25.2011170463952
59.112385762739734,25.200179351675665
59.45352735042519,25.20335214758822
59.43557780887033,25.202719931038033
59.42660298971922,25.202404071786052
59.42211556814786,25.202246204358634
59.38172841914863,25.20082726053336
59.377240919230985,25.20066980681221
59.35929084302466,25.200040404577056
59.28300168940447,25.19737278968512
59.21119825686201,25.194872903494762
59.18875932954208,25.19409382816125
59.16183240206664,25.19316027760939
59.15285670848836,25.192849418353884
59.12144158417002,25.191762685248317
59.57027659749812,25.198633643823037
59.444632791338876,25.194224310642497
59.399758433116055,25.192657399538426
59.390783466758194,25.192344510553145
59.38180846934934,25.192031785677916
59.37283344111233,25.191719224783682
59.368345915502864,25.191563005789142
59.36385838226986,25.19140682774151
59.2023023431748,25.18581155350877
59.19332674507702,25.18550224533756
59.16639979469703,25.184575288129057
59.1619119471618,25.18442093616091
59.11703312730568,25.182879625724095
59.44022498717672,25.185256904502246
59.435737568948646,25.185101226104997
59.39983793605349,25.18385726946248
59.37291288231901,25.182926014232123
59.36842534642879,25.18277094743418
59.36393780291727,25.182615921281332
59.18891795769763,25.176601435025
59.184430132120156,25.176448021663678
59.175454461544,25.17614131491596
59.17096661660069,25.1759880214983
59.16647876525746,25.1758347680306
59.09467229595607,25.17338813302711
59.44479141383902,25.176600896042245
59.43581656497273,25.176291812158052
59.368504189153064,25.17397884843413
59.3640166354391,25.173824974192037
59.301190099014825,25.17167496198052
59.188996394020506,25.167855178289564
59.18450855832739,25.167702904862566
59.18002071615345,25.167550671135405
59.1755328675264,25.167398477092565
59.1710450124739,25.16724632271853
59.11270232466794,25.165271918673234
59.10821438256457,25.165120318038042
59.10372643445063,25.16496875683991
58.66388281694666,25.150304611848846
59.440382410274836,25.167635722501785
59.43589497164802,25.167482357628966
59.38653262258523,25.16579799892456
59.36858244367172,25.165186709090804
59.32819409823696,25.163813647856234
59.31024352975149,25.163204436500692
59.21151337568519,25.159865140806527
59.189074245168186,25.15910888183876
59.18458639943484,25.158957748361615
59.18009854722282,25.158806654287282
59.17112282347351,25.158504584285463
59.10380409519903,25.156244068757605
59.53020748207973,25.1618776516907
59.48084691001387,25.160196745160896
59.368660109980695,25.156394529706052
59.35968495461235,25.1560914286838
59.337246934393356,25.155334370751543
59.31929638449012,25.15472943784692
59.2789072223491,25.153370652039616
59.175687924640336,25.149912682736154
59.17120004959562,25.149762806495776
59.53477220430895,25.15319564812692
59.47194945949999,25.1510728504275
59.44053747565651,25.15001437932375
59.4360500169363,25.14986332803886
59.4001500604168,25.14865634461366
59.35527441375466,25.147151173587538
59.34629919318143,25.14685061257356
59.33732394271399,25.146550209000846
59.31937335298642,25.14594987368468
59.184740326334676,25.141467317448292
59.44061412419376,25.14120364805252
59.40471415174028,25.140005593738717
59.27457265354774,25.135683651648872
59.270084906386565,25.13553520351955
59.1848164121193,25.132722043629993
59.18032853024557,25.132574368606125
59.44517765374412,25.13254165411195
59.440690183290045,25.13239287739816
59.35093911989757,25.12942552936201
59.34196384494698,25.12912964958124
59.19386767657037,25.124269916579102
59.18489191278862,25.12397673129999
59.17142821865803,25.123537239953844
59.16694030780311,25.123390819198054
59.445253133177154,25.123729687226074
59.436278164653764,25.123434486878388
59.40935306739507,25.122549815594446
59.274723458584866,25.118147274850894
59.19843049323211,25.115667795064425
59.189454723141736,25.115376814254343
59.184966828338816,25.115231380755347
59.18047892706766,25.115085985173934
59.445328023085146,25.114917681549336
59.41391542542494,25.1138932521675
59.34211376714734,25.111558753077517
59.207480615502966,25.10720783608472
59.202992737254135,25.107063391997013
59.19850485242833,25.106918985588738
59.19401696105326,25.10677461684515
59.189529063156634,25.10663028575152
59.18055324790939,25.10634173645523
59.44540232346424,25.106105637385642
59.42745227700923,25.105524645487144
59.34667551677305,25.10291771644142
59.2030665206156,25.098313403909394
59.185114904066715,25.09774056621038
59.4499635353592,25.09743774093197
59.445476034310694,25.09729355503891
59.42752594965797,25.096717190108656
59.423038408519524,25.096573193462035
59.346749017937306,25.094131022448114
59.20313971854481,25.089563378439895
59.459011662874005,25.08891063272755
59.427599033075644,25.087909696910707
59.369260264437266,25.086055689359036
59.36477261288313,25.085913335077183
59.36028495375863,25.085771018105238
59.35130961290997,25.0854864960324
59.18526063927315,25.080249602371683
59.45010920731897,25.079811147857264
59.43664662335237,25.0793856471206
59.43215907929846,25.079243888045056
59.414208823500964,25.07867722386851
59.387283204124095,25.07782834237016
59.37830793570825,25.077545678674092
59.3738202900087,25.07740440241103
59.369332636685165,25.077263163185197
59.36484497576548,25.077121960982026
59.36035730727747,25.076980795786962
59.355869631248936,25.07683966758546
59.34240655819851,25.076416504796985
59.17635672585166,25.071224708192105
59.162892822919765,25.07080594565741
59.1539168559867,25.070526952463005
59.486081099117094,25.07212483420607
59.47261868314803,25.07170191675501
59.44120609229486,25.0707164056078
59.373892083300206,25.06861068681938
59.36940442068523,25.068470599988697
59.3649167504761,25.06833054987876
59.360429072700626,25.068190536475125
59.35594138738663,25.068050559763375
59.29311301701772,25.066094730384627
59.26169830362857,25.065119499169416
59.1854040339287,25.062758491615966
59.16745216485554,25.062204480677234
59.48615253510821,25.063302173164573
59.45025252079767,25.062184405638813
59.36050025002447,25.059400240471412
59.19893871506292,25.05442534818638
59.189962813872704,25.05415033479682
59.48173589869858,25.054340785774027
59.36057083924539,25.05060990807751
59.26183966753816,25.04758939830557
59.19900897671079,25.045676281304104
59.190033057395794,25.04540354908873
59.185545088004396,25.04526723632007
59.49526859394916,25.045931908630454
59.47731864553728,25.045381718115028
59.46834362167744,25.045106839844806
59.45488102444814,25.044694793353067
59.45039347576606,25.04455751670917
59.365128545541175,25.041956097538367
59.2663973343191,25.038960067928436
59.22600630715661,25.037739379163142
59.217030448934445,25.03746850439733
59.2080545641351,25.037197770992915
59.20356661183825,25.037062457266664
59.18561473731592,25.036521555212342
59.50431321947792,25.037379807386053
59.48187580132262,25.036697601007862
59.45046306879986,25.035744017987852
59.23505130083503,25.029252120824008
59.226075451558366,25.028983390581033
59.22158751685946,25.02884907807119
59.490919877602266,25.028146409121916
59.48643237664368,25.028011164112076
59.48194486737611,25.027875954675718
59.47745734982744,25.027740780798815
59.47296982402561,25.02760564246734
59.450532072195315,25.02693048350101
59.369754516841375,25.02450723923376
59.2440957170736,25.02076039456573
59.18575228046867,25.019030087562992
59.52688814758263,25.0203963552193
59.50445085065207,25.019724872449835
59.499963365897976,25.019590681924168
59.49098837124521,25.019322406789477
59.48650086140239,25.019188322152594
59.4820133432525,25.01905427278412
59.47752581682341,25.018920258670153
59.47303828214306,25.01878627979679
59.46855073923936,25.018652336150115
59.45957562887347,25.018384554481315
59.455088061467066,25.01825071643143
59.437137711002435,25.01771571580514
59.42816248765703,25.017448426242066
59.42367486405361,25.017314834099626
59.37879819719897,25.015980839485913
59.26660324916199,25.012661107749068
59.25313955521592,25.012264197131735
59.24865164347617,25.01213196271984
59.62567783358772,25.014502423331365
59.49554378487193,25.01063132840184
59.4910562745545,25.0104983691747
59.48208122894828,25.010232555638026
59.4775936937153,25.010099701300902
59.47310615023295,25.009966881899533
59.46861859852912,25.00983409742015
59.45515589436782,25.00943595337622
59.450668310057075,25.009303308447127
59.36091496368139,25.006657710814892
59.33847614807459,25.005998476910115
59.27564649311993,25.004157206675618
59.25769490790197,25.003632366707908
59.19037549652849,25.001669093172595
59.63471991240837,25.005909121505834
59.63023266548896,25.005776241330665
59.62574540937133,25.005643396255056
59.48663606014498,25.001542532733467
59.482148524460015,25.00141080354239
59.47766098049964,25.00127910899589
59.46419829924515,25.000884233087255
59.459710722462184,25.000752676982493
59.45522313754332,25.000621155454063
59.42380981764796,24.999701471748313
59.414834511757974,24.999439015386564
59.38342069510354,24.99852150228069
59.28020127662843,24.995518640822336
59.266737593096835,24.995128294154576
59.199418253528144,24.99318114318903
59.19493024432945,24.99305160399987
59.190442228634275,24.992922098595056
59.634786912974604,24.9970477191704
59.48670277412194,24.99271958588399
59.477727677172965,24.99245848205997
59.4597773845506,24.991936686216413
59.45528979099015,24.991806322969207
59.45080218932354,24.991675993980454
59.43285170215306,24.99115502033997
59.42387641065565,24.990894738719703
59.38797493045214,24.989854977726797
59.36104849661188,24.989076587738538
59.30719482263057,24.98752347433463
59.280267594495456,24.98674874516683
59.27129179531744,24.986490772148976
59.19948441745389,24.984431833476247
59.1905083754919,24.984175070246383
59.18602034479661,24.984046738848765
59.48228134491752,24.98376719572236
59.47779378373188,24.983637820797984
59.468818636657176,24.983379172999427
59.464331050823866,24.983249900098414
59.45984345683048,24.983120661178372
59.455355854704884,24.98299145622591
59.450868244474954,24.982862285227633
59.28930911368085,24.978234630407055
59.28482122316324,24.97810670636535
59.28033332559842,24.97797881577423
59.19506196978401,24.975555232748878
59.63940639930826,24.979454213991932
59.4868344312701,24.97507358943067
59.48234686985651,24.974945340607917
59.46888413610807,24.97456079646428
59.455421328684146,24.974176555528423
59.45093370996732,24.974048542534007
59.44644608317588,24.973920563176247
59.441958448337694,24.97379261744189
59.41952015442125,24.97315339265774
59.39259394200284,24.972387429724712
59.36117967701911,24.9714953287566
59.30283792911671,24.969842904888324
59.29835005148204,24.969716028145783
59.293862166718675,24.96958918459311
59.289374274854396,24.969462374217294
59.284886375916926,24.969335597005312
59.222055063645385,24.967564190968947
59.190638913449284,24.966680913424806
59.486899374434586,24.966250540437034
59.482411804597824,24.96612345176384
59.477924226492995,24.96599639651529
59.473436640148044,24.9658693746782
59.464461442849235,24.9656154311857
59.455486212924576,24.96536162118102
59.45099858579728,24.96523476620372
59.446510950597165,24.96510794455893
59.44202330735213,24.96498115623351
59.43753565609003,24.964854401214332
59.433047996838745,24.964727679488274
59.42856032962614,24.96460099104222
59.41958497142842,24.964347713937713
59.39714643856113,24.96371510265987
59.29392674931576,24.960815748096902
59.28943884910565,24.960690084863693
59.199679396803084,24.958183704527745
59.49145129721077,24.957553419648725
59.48696372732155,24.957427458005565
59.48247614913815,24.95730152949512
59.477988562688516,24.957175634104313
59.47350096800052,24.95704977182009
59.464525754021054,24.956798146519162
59.4555505074229,24.956546653487965
59.45106287196154,24.956420956540935
59.446575228429154,24.956295292622247
59.43759991726284,24.956044063817853
59.43311224968465,24.955918498906133
59.42862457414694,24.95579296697074
59.406186078040484,24.9551658014843
59.401698355330595,24.955040467134342
59.39721062485616,24.954915165669938
59.36130850487638,24.953913936283158
59.33438159851871,24.95316439091698
59.213207333253116,24.949805961226396
59.48253990347422,24.948479574106756
59.478052308756276,24.94835483858676
59.47356470580175,24.948230135868457
59.46907709463856,24.948105465938912
59.460101847797674,24.94785622439438
59.455614212175796,24.947731652753554
59.451126568456786,24.947607113849806
59.44663891666853,24.94748260767024
59.437663588995804,24.947233693432054
59.43317591316707,24.947109285347672
59.42868822938058,24.946984909935924
59.42420053766418,24.946860567183943
59.419712838045754,24.94673625707887
59.41522513055314,24.946611979607844
59.41073741521422,24.946487734758026
59.406249692056804,24.94636352251657
59.40176196110877,24.946239342870633
59.36137203659058,24.945123190741555
59.307517860840655,24.943639077213874
59.303029965536524,24.943515611435938
59.20429450874246,24.94080751438502
59.49157824860615,24.939904834717932
59.48709066224976,24.939781194049615
59.482603067602746,24.939657585903756
59.47811546469301,24.939534010267515
59.47362785354847,24.93941046712807
59.469140234197,24.939286956472607
59.46465260666652,24.93916347828832
59.46016497098489,24.9390400325624
59.45567732718004,24.938916619282057
59.446702015312084,24.938669890006942
59.442214347304756,24.938546573986617
59.43772667128568,24.938423290360745
59.43323898728274,24.938300039116573
59.42875129532382,24.938176820241342
59.406312717164155,24.937561210953312
59.401824978054194,24.937438186024227
59.39284947657898,24.93719223299288
59.38836171426941,24.93706930486522
59.36143498015747,24.936332412732398
59.35694716468939,24.936209710030912
59.31206860303983,24.93498444935478
59.491640838759686,24.93108049329698
59.48715324428453,24.930958013135402
59.48266564152049,24.930835565191135
59.4781780304955,24.930713149451467
59.47369041123743,24.9305907659037
59.46920278377418,24.93046841453513
59.46471514813367,24.930346095333075
59.46022750434377,24.93022380828485
59.45573985243236,24.930101553377778
59.446764524356546,24.929857139936423
59.442276848247914,24.929734981376825
59.42881377197345,24.92936869819057
59.40637515335937,24.92875886709751
59.40188740616373,24.928636996897986
59.38393634006645,24.92814983574383
59.36598515160144,24.927663185416687
59.36149733557389,24.927541602557486
59.35700951203745,24.927420051562247
59.32559453936847,24.92657008573536
59.316618766895914,24.926327524419165
59.31213086979927,24.926206291375827
59.3076429654994,24.926085090059054
59.48721523602878,24.92213480000388
59.47824000616053,24.92189225644353
59.47375237886544,24.92177103250013
59.46926474336692,24.921649840431144
59.46477709969283,24.921528680224007
59.46028944787109,24.921407551866146
59.45580178792959,24.921286455345015
59.45131411989617,24.92116539064806
59.44682644379875,24.921044357762742
59.44233875966517,24.92092335667652
59.43785106752332,24.920802387376867
59.43336336740107,24.920681449851262
59.42887565932629,24.920560544087188
59.41990021943052,24.920318827793594
59.410924748058875,24.920077238396086
59.406437000639215,24.919956491252144
59.40194924543416,24.919835775794773
59.39746148247148,24.9197150920115
59.39297371177905,24.919594439889867
59.3839981473163,24.919353230581674
59.366046926858196,24.918871191357237
59.36155910283665,24.91875076051861
59.35707127130791,24.91863036124214
59.3256562427409,24.91778844900612
59.50073944396047,24.913672127161337
59.49625185013204,24.91355190479982
59.491764247962344,24.91343171407027
59.47381375642934,24.912951267222148
59.46932611297203,24.912831234465315
59.46483846134084,24.912711233265654
59.460350801563735,24.912591263610718
59.45586313366856,24.912471325488077
59.4513754576832,24.912351418885297
59.446887773635524,24.91223154378996
59.442400081553394,24.912111700189644
59.43791238146473,24.911991888071945
59.41547376189809,24.911393299288786
59.37508375513321,24.910317817164728
59.3616202819426,24.909959886917576
59.357132442497665,24.909840639372288
59.352644595575065,24.90972142307506
59.343668879408,24.90948308417568
59.33469313366377,24.909244870121274
59.51426303363299,24.905202739663103
59.50977545709817,24.90508358440288
59.50528787214005,24.904964460506342
59.50080027878658,24.90484536796111
59.49631267706565,24.904726306754803
59.47836218706557,24.9042503750716
59.47387454392599,24.904131470374548
59.46938689258634,24.904012596942316
59.46489923307458,24.90389375476257
59.46041156541854,24.903774943823
59.455923889646144,24.903656164111275
59.45143620578524,24.903537415615094
59.44694851386372,24.903418698322152
59.44246081390946,24.90330001222016
59.43797310595033,24.903181357296816
59.41553444705677,24.902588549930204
59.41104669165348,24.902470081821058
59.366168712669875,24.901287108816557
59.36168087288865,24.90116898205619
59.357193025603586,24.901050886254367
59.35270517084256,24.900932821398907
59.34821730863331,24.900814787477646
59.33924156198138,24.900578812389128
59.51881087729348,24.89649048803343
59.49637291354619,24.895900677383224
59.4918852956715,24.895782808365645
59.48291003502017,24.895547163344986
59.47842239229934,24.895429387317446
59.473934741352245,24.89531164226213
59.4694470822068,24.895193928166822
59.455984055859204,24.89484097151893
59.451496364199215,24.894723381141656
59.44700866448026,24.894605821663408
59.44252095673024,24.89448829307202
59.43803324097704,24.894370795355318
59.379692220568465,24.89284612910876
59.37520439569483,24.89272906236336
59.361740875671686,24.892378046236278
59.3572530206226,24.892261102190083
59.35276515809918,24.89214418878855
59.348277288129225,24.89202730601963
59.34378941074051,24.8919104538713
59.33930152596087,24.891793632331517
59.26749438698313,24.889928640665406
59.54130835259692,24.888243789790707
59.52335813720753,24.887775911304633
59.500920176846726,24.8871917558494
59.491944933958244,24.886958308847326
59.482969657836634,24.88672498465972
59.47848200738314,24.886608368591062
59.47399434870507,24.886491783189697
59.469506681830296,24.886375228443534
59.46501900678673,24.88625870434048
59.46053132360223,24.88614221086845
59.45604363230472,24.886025748015374
59.451555932922034,24.885909315769183
59.44706822548206,24.885792914117808
59.4425805100127,24.885676543049193
59.43809278654179,24.885560202551297
59.41565405013929,24.884978958201152
59.379751665953755,24.884050552541936
59.361800290288684,24.883587079759653
59.35731242755164,24.88347128748114
59.352824557341926,24.883355525545575
59.34384879461558,24.88312409265561
59.267553640498214,24.881161798108177
59.54585502492139,24.879522355430343
59.532392378934524,24.8791747997158
59.52790481311913,24.879059008840116
59.49649161513576,24.87824932588203
59.49200398186237,24.878133778625386
59.48751634028232,24.878018261767064
59.483028690423545,24.87790277529506
59.47854103231395,24.877787319197388
59.47405336598139,24.87767189346207
59.469565691453795,24.877556498077134
59.465078008759036,24.877441133030604
59.46059031792501,24.877325798310522
59.4561026189796,24.877210493904936
59.45161491195066,24.87709521980189
59.4471271968661,24.876979975989443
59.442639473753744,24.876864762455657
59.438151742641516,24.876749579188605
59.43366400355726,24.87663442617636
59.424688501584065,24.87640421086863
59.41571296805703,24.876174116437184
59.37532268267887,24.875140184790418
59.37083483490999,24.875025454096914
59.366346979586616,24.874910753480098
59.36185911673658,24.874796082928146
59.35737124638768,24.874681442429242
59.5459135735616,24.87068384384295
59.532450904772205,24.87033978000325
59.50552533692784,24.869652467406016
59.50103771276368,24.869538020826248
59.4965500802387,24.869423604363252
59.4920624393808,24.86930921800514
59.487574790217906,24.869194861740034
59.48308713277791,24.869080535556066
59.46962411107426,24.868737737372324
59.46513642080481,24.868623531394284
59.460648722397686,24.868509355438103
59.456161015880845,24.868395209491954
59.45167330128208,24.868281093544
59.44718557862931,24.868167007582418
59.44269784795041,24.868052951595395
59.438210109273236,24.867938925571114
59.43372236262565,24.867824929497772
59.429234608035536,24.867710963363574
59.42474684553071,24.867597027156727
59.415771296888394,24.867369244477942
59.384356631420935,24.86657294608316
59.375380943571756,24.866345700720068
59.36191735501244,24.866005056043594
59.35742947712775,24.865891567336114
59.34845369897784,24.86566467912801
59.32152618748482,24.86498472731774
59.290110428084596,24.86419279893147
59.26767038780124,24.863628022976158
59.54597153089315,24.86184530201959
59.536996411910586,24.861618224157393
59.53250883953143,24.86150473009055
59.52802125859764,24.861391265917458
59.51007084987441,24.860937707926478
59.50558322658622,24.860824393045114
59.501095594910915,24.86071110798674
59.492120306510614,24.860484627291882
59.48763264984141,24.860371431631872
59.48314498489674,24.860258265747806
59.46070653701733,24.859692882555667
59.45621882300546,24.859579895080778
59.451731100913314,24.85946693729974
59.44724337076877,24.85935400920084
59.44275563259968,24.85924111077238
59.438267886433955,24.859128242002676
59.43378013229941,24.859015402880043
59.42929237022395,24.858902593392795
59.42480460023538,24.858789813529263
59.41582903663043,24.858564342626686
59.38441431884423,24.85777612590173
59.37543861606125,24.8575511868634
59.370950753287254,24.857438761576212
59.348511326704376,24.856877076996536
59.344023419039836,24.856764828370824
59.54602889691304,24.853006730267012
59.52359099792824,24.852445078251712
59.51910339252795,24.852332836587312
59.5146157786584,24.852220624475212
59.51012815634752,24.852108441903734
59.5056405256232,24.851996288861223
59.501152886513346,24.851884165336017
59.49666523904592,24.85177207131647
59.49217758324879,24.851660006790937
59.48768991914986,24.851547971747774
59.483202246777054,24.851435966175355
59.478714566158246,24.85132399006205
59.46076376178092,24.85087637996767
59.4562760403505,24.85076455097576
59.4517883108414,24.850652751373335
59.44730057328149,24.850540981148818
59.44281282769864,24.85042924029062
59.438325074120726,24.850317528787176
59.43383731257559,24.850205846626924
59.42934954309113,24.8500941937983
59.42486176569516,24.84998257028975
59.42037398041557,24.84987097608973
59.41588618728015,24.8497594111867
59.38895926505532,24.849090636359726
59.37998356272931,24.848867945271095
59.37549570014443,24.84875664352261
59.36651995227003,24.848534127559894
59.312664840968964,24.847201477931684
59.308176867640306,24.847090612709756
59.30368888715096,24.84697977649825
59.29471290480125,24.846758191060974
59.290224902996364,24.84664744181245
59.51467250179165,24.84339016676719
59.51018487211967,24.843279146352028
59.505697234035836,24.843168155160022
59.50120958756808,24.84305719317964
59.4967219327443,24.842946260399344
59.49223426959241,24.842835356807615
59.487746598140326,24.842724482392935
59.48325891841592,24.842613637143785
59.478771230447116,24.84250282104867
59.47428353426178,24.842392034096083
59.46979582988783,24.842281276274534
59.46082039668558,24.8420598479786
59.45633266791304,24.841949177481254
59.45184493106342,24.841838536069034
59.44735718616456,24.841727923730467
59.44286943324433,24.841617340454107
59.438381672330614,24.84150678622849
59.433893903451285,24.841396261042178
59.42940612663415,24.84128576488373
59.42491834190714,24.84117529774171
59.42043054929802,24.841064859604693
59.41594274883471,24.84095445046126
59.397991468996125,24.84051310359511
59.38452792801195,24.840182397319335
59.37555219581837,24.83996207099991
59.34413689595905,24.83919183799656
59.339648966231515,24.8390819200023
59.335161029150434,24.83897203079706
59.31272123441424,24.8384230162105
59.30823325379527,24.83831329950208
59.30374526601714,24.838203611503644
59.263353058432315,24.837217709609774
59.550629423675026,24.835439588199037
59.54614185500612,24.83532949820132
59.52370388271469,24.834779483116794
59.51921626266259,24.834669567000535
59.514728634144355,24.83455967982447
59.51024099718793,24.83444982157717
59.50575335182123,24.834339992247205
59.50126569807217,24.83423019182317
59.49677803596866,24.83412042029365
59.492290365538594,24.834010677647246
59.47433960111094,24.833571995664894
59.46985188946663,24.83346239726321
59.46536416966316,24.833352827676347
59.46087644172838,24.833243286892937
59.45638870569019,24.83313377490163
59.45190096157647,24.833024291691075
59.447413209415075,24.832914837249923
59.44292544923389,24.832805411566845
59.43843768106074,24.8326960146305
59.43394990492355,24.83258664642957
59.42946212085014,24.83247730695273
59.42497432886838,24.83236799618867
59.4204865290061,24.83225871412608
59.415998721291146,24.832149460753655
59.38907171165472,24.831494542380486
59.38458384975061,24.831385489523278
59.380095980216495,24.831276465266036
59.37560810308022,24.831167469597517
59.371120218369555,24.831058502506462
59.33521687134332,24.83018779321989
59.308289052678475,24.829535957584422
59.303801057687494,24.829427417810322
59.51927181144124,24.825837888643836
59.51478417571367,24.82572916395299
59.510296531549464,24.825620467884967
59.50580887897652,24.825511800428462
59.501321218022746,24.82540316157219
59.4968335487161,24.82529455130485
59.49234587108446,24.825185969615166
59.469907359027786,24.824643489437072
59.46541963203201,24.824535078976705
59.46093189690648,24.824426697015177
59.45644415367909,24.824318343541254
59.45195640237771,24.824210018543706
59.4474686430302,24.82410172201131
59.44298087566442,24.823993453932843
59.43849310030827,24.8238852142971
59.43400531698958,24.823777003092868
59.42951752573624,24.823668820308953
59.42502972657606,24.82356066593416
59.42054191953693,24.823452539957295
59.39810276713126,24.822912335650773
59.39361491340301,24.82280437982687
59.389127051990634,24.82269645232275
59.38463918292199,24.822588553127257
59.38015130622487,24.82248068222927
59.35771180928573,24.821941751812474
59.34424802136038,24.82161873242098
59.33527212580593,24.82140352716617
59.326296200960776,24.821188434612928
59.321808227623634,24.821080930571735
59.31732024704713,24.82097345467275
59.541764856154444,24.817544417769433
59.52381440375422,24.817113772175386
59.519326769357,24.817006181653007
59.514839126496724,24.816898619458687
59.51035147520138,24.816791085581244
59.50586381549881,24.816683580009496
59.501376147417,24.816576102732267
59.460986762217026,24.815610078649815
59.45649901187689,24.815502883704507
59.45201125346427,24.81539571693119
59.44752348700706,24.81528857831876
59.44303571253313,24.815181467856124
59.438547930070314,24.815074385532185
59.43406013964652,24.814967331335854
59.42957234128959,24.814860305256058
59.42508453502736,24.814753307281716
59.42059672088767,24.814646337401765
59.416108898898415,24.814539395605134
59.41162106908737,24.814432481880775
59.40713323148243,24.81432559621763
59.402645386111445,24.81421873860465
59.398157533002184,24.814111909030803
59.39366967218252,24.814005107485055
59.38020604373929,24.81368487090613
59.375718152356214,24.81357818136254
59.3712302534018,24.81347151979196
59.366742346903905,24.813364886183393
59.36225443289026,24.813258280525847
59.335326792535454,24.812619232937056
59.546306857235706,24.80881343330316
59.541819258507346,24.808706865318452
59.5238687778618,24.80828087404271
59.51938113640703,24.808174446334117
59.45655328028079,24.806687395695768
59.45206551483337,24.806581387157788
59.44757774134289,24.806475406476427
59.4430899598372,24.806369453640706
59.43860217034413,24.806263528639658
59.43411437289159,24.806157631462312
59.42962656750742,24.80605176209771
59.42513875421944,24.805945920534892
59.420650933055555,24.80584010676291
59.41616310404358,24.805734320770824
59.41167526721135,24.805628562547692
59.407187422586716,24.805522832082588
59.402699570197505,24.805417129364578
59.3982117100716,24.805311454382746
59.39372384223674,24.805205807126175
59.38923596672082,24.805100187583957
59.348844746018315,24.80415085705269
59.34435679522121,24.80404551405525
59.335380871529104,24.80383491083372
59.32640491855832,24.803624417904402
59.32191693116287,24.803519212772258
59.30845292566951,24.80320376257606
59.56431101163651,24.80039658085508
59.559823440597796,24.80029106603473
59.555335860847656,24.80018557902905
59.55084827241403,24.800080119827044
59.54636067532488,24.79997468841771
59.54187306960816,24.799869284790073
59.53738545529178,24.79976390893315
59.53289783240372,24.799658560835972
59.528410200971855,24.79955324048757
59.52392256102416,24.799447947876978
59.447631406034915,24.79766220678845
59.44314361757385,24.797557411590624
59.43865582112692,24.797452643923428
59.434168016722005,24.79734790377603
59.42968020438695,24.797243191137568
59.4251923841496,24.797138505997225
59.420704556037805,24.79703384834416
59.41621672007943,24.796929218167552
59.411728876302284,24.79682461545659
59.40724102473423,24.796720040200448
59.4027531654031,24.796615492388327
59.39826529833673,24.796510972009422
59.39377742356293,24.79640647905294
59.389289541109534,24.796302013508093
59.326458395978484,24.794842368072576
59.30850637543774,24.794426308823006
59.55090150608469,24.791240182485037
59.546413902082456,24.791135915750566
59.537438668227615,24.790927464695418
59.532951038430895,24.790823280353028
59.44319668574035,24.788745342009904
59.438708882415966,24.788641731687417
59.43422107113503,24.7885381485808
59.42973325192544,24.788434592679323
59.425245424815046,24.78833106397228
59.42075758983169,24.788227562448956
59.40280617172543,24.78781382797886
59.39831829779485,24.78771046221368
59.35343913925195,24.786678294379747
59.34895118208571,24.78657522634393
59.330999279698034,24.786163224119633
59.30855923792038,24.785648827862257
59.20982097719569,24.783393458050888
59.20084461027616,24.783189066335364
59.443249164334,24.779933245202592
59.43876135420851,24.779830792235533
59.434273536127954,24.779728366180418
59.429785710120214,24.779625967026647
59.425297876213094,24.779523594763614
59.42081003443448,24.779421249380736
59.35349148210078,24.777889287071265
59.34900351816258,24.77778737033503
59.34002756811816,24.777583616954946
59.335539582067476,24.77748178029012
59.33105158870152,24.777379970294795
59.32656358804807,24.7772781869585
59.31758756498978,24.77707470022112
59.223337625502204,24.77494450410534
59.214361284448685,24.774742237208613
59.1739674278606,24.77383334121737
59.447788862220804,24.771222443692245
59.443301053352094,24.77112112147273
59.43881323650191,24.77101982587171
59.43432541169809,24.770918556878705
59.42983757896854,24.770817314483224
59.42534973834106,24.7707160986748
59.42086188984353,24.77061490944295
59.362519155864234,24.769301863143387
59.35803120010788,24.76920104488727
59.353543236898766,24.769100253051327
59.33110331003432,24.76859668981093
59.322127288091664,24.76839544909297
59.31763926626065,24.768294868245043
59.31315123722689,24.76819431372403
59.232365514578426,24.766388822492736
59.44784016831045,24.762409135663304
59.44335235279201,24.762308971124373
59.43886452929351,24.76220883289988
59.43437669784282,24.762108720979462
59.4298888584678,24.762008635352757
59.425401011196314,24.761908576009404
59.42091315605617,24.76180854293905
59.41642529307524,24.761708536131355
59.41193742228136,24.761608555575975
59.37154623814555,24.760709910228226
59.36705829075259,24.760610191628455
59.36257033585269,24.760510499167612
59.322178408527044,24.75961444157792
59.31769038008612,24.75951500994205
59.241392817426686,24.757828645818357
59.23690466360613,24.75772968109505
59.23241650308338,24.75763074221484
59.19651098094604,24.756840160311405
59.44789088474288,24.753595801309547
59.4434030626511,24.753496794461576
59.43891523258068,24.753397813623977
59.43442739455948,24.753298858786508
59.42993954861539,24.753199929938933
59.425451694776214,24.753101027071004
59.4209638330698,24.753002150172495
59.416475963524015,24.75290329923318
59.41198808616669,24.752804474242833
59.40750020102564,24.75270567519124
59.37159684302313,24.751916215349553
59.36710888908078,24.751817649287926
59.31325286428872,24.750636868924726
59.30876481494167,24.75053863795194
59.245931386541,24.749166098802615
59.23246690558031,24.748872636103968
59.22797873187698,24.748774866286716
59.452428832099095,24.744880315798376
59.44794101151548,24.74478244093516
59.44345318292679,24.744684591788396
59.43896534636085,24.744586768347943
59.43447750184552,24.744488970603673
59.42998964940871,24.744391198545458
59.425501789078176,24.744293452163188
59.421013920881826,24.74419573144675
59.4165260448475,24.74409803638603
59.41203816100301,24.744000366970937
59.407550269376216,24.74390272319136
59.38062275774516,24.7433173982952
59.37613481242127,24.74321993368204
59.37164685953762,24.743122494623826
59.30881474095664,24.741761025459972
59.299838607950655,24.741566936980764
59.29086244659445,24.741372950040862
59.281886257110024,24.74117906456061
59.27291003971926,24.740985280460425
59.26393379464399,24.740791597660827
59.254957522106004,24.740598016082405
59.228028541932865,24.74001787788134
59.45247837563121,24.736065771692008
59.44799054862573,24.735969054844333
59.44350271361651,24.73587236340891
59.43901487063144,24.73577569737573
59.43452701969838,24.735679056734774
59.430039160845176,24.735582441476044
59.42555129409967,24.735485851589544
59.421063419489705,24.73538928706528
59.41657553704314,24.735292747893265
59.41208764678778,24.735196234063512
59.407599748751494,24.73509974556605
59.4031118429621,24.735003282390903
59.38964807935354,24.734714044699725
59.385160142829974,24.73461768271423
59.37618424696864,24.73442503455091
59.3716962876865,24.734328748353207
59.313352141852,24.733079321264007
59.26847120198933,24.732121112766592
59.474966375166176,24.727729373241427
59.45252732942199,24.72725120216337
59.44803949607105,24.727155643341252
59.44355165471773,24.72706010962719
59.43906380538994,24.726964601011282
59.43457594811551,24.72686911748365
59.43008808292229,24.726773659034404
59.42560020983814,24.726678225653668
59.42111232889089,24.72658281733157
59.41662444010839,24.72648743405823
59.41213654351847,24.726392075823803
59.40764863914898,24.726296742618423
59.403160727027746,24.726201434432237
59.39867280718258,24.726106151255397
59.39418487964133,24.72601089307806
59.38969694443181,24.725915659890397
59.38520900158183,24.72582045168257
59.37623309307173,24.725630110167117
59.37174512746724,24.725534976839857
59.27300802847844,24.723448336280647
59.26403175808914,24.723259236664468
59.232614596997735,24.7225981657585
59.228126404229826,24.72250382569071
59.470526971381545,24.718814458897604
59.45706352506007,24.718531033117074
59.45257569346895,24.71843660751678
59.448087853848975,24.718342206730117
59.44360000622799,24.718247830747302
59.43911215063386,24.71815347955857
59.4346242870944,24.71805915315414
59.430136415637556,24.717964851524254
59.4256485362911,24.717870574659152
59.42116064908289,24.71777632254908
59.41667275404078,24.717682095184298
59.41218485119259,24.71758789255505
59.40769694056618,24.7174937146516
59.403209022189365,24.717399561464223
59.39872109608998,24.717305432983185
59.39423316229582,24.71721132919876
59.38974522083472,24.717117250101236
59.385257271734524,24.7170231956809
59.38076931502303,24.71692916592804
59.37628135072803,24.716835160832957
59.371793378877356,24.71674118038595
59.36730539949879,24.71664722457733
59.36281741262013,24.716553293397407
59.353841416473756,24.716365504884934
59.313449069896606,24.715521673146853
59.27754427385788,24.714773267584466
59.273056142810134,24.71467982695197
59.259591708275245,24.71439965157475
59.23266265543744,24.713839959300767
59.22817445646594,24.713746762502247
59.475062575862154,24.7100885695966
59.466086956930674,24.709901863375322
59.46159913528429,24.709808547076992
59.45262346776958,24.70962198805656
59.44813562195701,24.709528745315133
59.44364776814476,24.709435527073346
59.43915990636067,24.709342333321544
59.43467203663264,24.709249164050085
59.43018415898848,24.70915601924932
59.42569627345608,24.709062898909607
59.42120838006324,24.70896980302132
59.41672047883785,24.708876731574822
59.4122325698077,24.708783684560494
59.40774465300064,24.708690661968717
59.40325672844452,24.70859766378987
59.39876879616712,24.708504690014355
59.39428085619631,24.70841174063256
59.38979290855988,24.708318815634893
59.38530495328566,24.708225915011752
59.38081699040146,24.708133038753555
59.37632901993511,24.708040186850713
59.371841041914394,24.70794735929366
59.35388905484384,24.70757629233182
59.34940103946826,24.707483586360155
59.34491301670507,24.707390904676902
59.33593694912704,24.70720561413747
59.27759180762874,24.706003587560016
59.232710127856706,24.705081728502613
59.228221922757236,24.704989674982897
59.46164633207246,24.700991586084562
59.457158496224025,24.700899452978547
59.4526706523215,24.700807344087043
59.44818280039272,24.700715259400503
59.44369494046561,24.7006231989094
59.43920707256798,24.700531162604186
59.43471919672771,24.70043915047534
59.43023131297268,24.70034716251333
59.42574342133065,24.700255198708646
59.42125552182953,24.700163259051763
59.416767614497154,24.700071343533182
59.41227969936133,24.699979452143392
59.4077917764499,24.699887584872894
59.403303845790724,24.699795741712194
59.3988159074116,24.6997039226518
59.394327961340366,24.699612127682236
59.3898400076048,24.699520356794014
59.38535204623278,24.699428609977662
59.38086407725209,24.699336887223712
59.37637610069053,24.6992451885227
59.37188811657591,24.69915351386516
59.340472018622904,24.698512463686143
59.33598397508441,24.698420981036456
59.31354364840286,24.697963926978325
59.282126890931416,24.697325055320228
59.25519796948156,24.696778381156683
59.46169293895659,24.692174600868075
59.4572050970658,24.692083626435288
59.452717247122216,24.691992675912555
59.448229389153724,24.691901749290455
59.443741523188166,24.691810846559562
59.43027787758768,24.691538281620023
59.425789979912416,24.691447474359876
59.421302074379334,24.691356690943913
59.41681416101628,24.69126593136275
59.41232623985109,24.691175195606995
59.40783831091161,24.69108448366727
59.40335037422564,24.690993795534204
59.39886242982101,24.690903131198425
59.39437447772557,24.690812490650565
59.38988651796712,24.69072187388127
59.3853985505735,24.690631280881174
59.38091057557247,24.690540711640935
59.37642259299189,24.6904501661512
59.37193460285952,24.69035964440264
59.36295860005071,24.690178672091676
59.34051846281844,24.68972665613179
59.33603041327251,24.689636323976885
59.3270542923034,24.689455730629742
59.31807814234973,24.689275231837577
59.27319696558435,24.688374153605654
59.259732476485375,24.688104289346153
59.250756116222966,24.687924497355265
59.241779728862056,24.687744799290787
59.23729152508892,24.68765498545796
59.23280331462427,24.68756519507914
59.22382687373115,24.687385684646827
59.46173895593422,24.683357591732104
59.45725110807758,24.683267775981975
59.45276325216941,24.68317798383744
59.448275388237604,24.68308821528919
59.44378751631003,24.682998470327924
59.43929963641451,24.682908748944357
59.43481174857893,24.682819051129183
59.43032385283113,24.682729376873134
59.42583594919896,24.68263972616692
59.42134803771027,24.68255009900127
59.41686011839286,24.682460495366904
59.4123721912746,24.68237091525457
59.40788425638331,24.682281358654997
59.403396313746846,24.682191825558935
59.39890836339299,24.68210231595713
59.3944204053496,24.68201282984034
59.38993243964447,24.681923367199317
59.385444466305415,24.681833928024833
59.38095648536024,24.68174451230765
59.376468496836814,24.681655120038542
59.37198050076285,24.68156575120829
59.36749249716622,24.681476405807675
59.33607626368898,24.680851643259988
59.31812396905327,24.680495150125715
59.31363587735155,24.68040608516357
59.26875457102504,24.679516716097986
59.264266402071655,24.679427907046193
59.24182545501154,24.67898420975341
59.23733724533484,24.678895539824474
59.232849028967856,24.678806893050897
59.228360805938316,24.67871826942361
59.223872576273884,24.67862966893355
59.219384340002286,24.678541091571653
59.21489609715116,24.67845253732887
59.46178438300308,24.674540558981235
59.45729652925702,24.674451901923074
59.45280866746071,24.674363268166037
59.43036923870072,24.673920448576407
59.42588132918799,24.673831954433403
59.42139341181999,24.67374348352733
59.41690548662456,24.673655035849034
59.41241755362952,24.67356661138938
59.40792961286276,24.673478210139212
59.40344166435202,24.673389832089406
59.398953708125184,24.673301477230826
59.39446574421005,24.673213145554342
59.38997777263446,24.673124837050835
59.3854897934262,24.67303655171119
59.38100180661311,24.67294828952629
59.37651381222297,24.672860050487028
59.372025810283596,24.672771834584307
59.36753780082278,24.67268364180902
59.31368111073592,24.671627129140482
59.30919300602475,24.671539236196118
59.30470489418099,24.671451366252317
59.30021677523241,24.671363519300048
59.29572864920674,24.671275695330294
59.27777607488781,24.670924629096127
59.26879974598694,24.670749233639892
59.241870594979844,24.670223597051596
59.23738237947522,24.670136071035632
59.223917692937995,24.669873630092106
59.219429450843435,24.66978619544923
59.46182922016079,24.665723502920052
59.457341360601795,24.66563600456305
59.430414035194076,24.665111497033596
59.42592611987715,24.665024159462956
59.42143819670619,24.66493684482561
59.41246232691355,24.664762284314694
59.40797438034756,24.66467503842307
59.40348642603886,24.66458781542865
59.398998464015285,24.66450061532242
59.394510494304676,24.66441343809537
59.39002251693485,24.664326283738493
59.38553453193358,24.6642391522428
59.38104653932873,24.66415204359929
59.376558539148064,24.66406495779898
59.3720705314194,24.66397789483288
59.36758251617057,24.663890854692013
59.31821386004792,24.66293491704454
59.30474952862633,24.6626746843522
59.30026140390827,24.662587985515515
59.295773272114346,24.66250130936103
59.29128513327231,24.662414655879846
59.2823088345548,24.662241416901814
59.264356153762634,24.661895210634306
59.21947397587931,24.661031276505888
59.46636132462495,24.656992786201045
59.46187346740507,24.65690642385315
59.43045824230894,24.656302522548454
59.42597032126415,24.656216341559208
59.421482392366585,24.65613018319963
59.41699445564405,24.65604404746079
59.412506511124406,24.655957934333795
59.40801855883546,24.65587184380973
59.40353059880506,24.65578577587971
59.399042631061015,24.655699730534835
59.39455465563116,24.655613707766218
59.3900666725433,24.65552770756497
59.385578681825244,24.655441729922224
59.38109068350482,24.655355774829097
59.37660267760982,24.655269842276716
59.372114664168045,24.655183932256225
59.3676266432073,24.655098044758756
59.36313861475539,24.655012179775458
59.30928169913415,24.653983552863856
59.304793575824895,24.65389797976098
59.30030544541324,24.65381242904878
59.29581730792695,24.653726900718464
59.29132916339376,24.65364139476125
59.28684101184141,24.653555911168368
59.282352853297624,24.653470449931042
59.27786468779014,24.6533850110405
59.259911956677726,24.653043478770993
59.255423756767605,24.65295815148302
59.25093555006007,24.65287284648932
59.2464473365829,24.65278756378116
59.237470889430284,24.65261706518653
59.466404987614766,24.648174525409242
59.430501860043044,24.647493525424732
59.426013933346766,24.647408501025808
59.42152599879892,24.6473234989529
59.4170380564273,24.64723851919721
59.4125501062598,24.647153561749956
59.40806214832421,24.64706862660235
59.40357418264837,24.646983713745623
59.39908620926011,24.646898823170993
59.39459822818725,24.646813954869696
59.390110239457584,24.64672910883296
59.38562224309894,24.646644285052027
59.381134239139136,24.646559483518153
59.37664622760595,24.64647470422257
59.37215820852723,24.646389947156543
59.36767018193073,24.64630521231133
59.36318214784428,24.64622049967819
59.34522993715461,24.645881871091788
59.340741866035145,24.645797269388126
59.33625378759241,24.645712689844206
59.31381328650175,24.64529012421633
59.309325164702535,24.645205677448256
59.30034889974505,24.64503685020016
59.29137260649382,24.644868111278335
59.28688444932739,24.644783774918114
59.43054488839417,24.638684505966204
59.42605695612275,24.638600638166395
59.42156901600095,24.63851679238895
59.417081068056596,24.638432968625196
59.41259311231754,24.63834916686647
59.40810514881159,24.638265387104102
59.4036171775666,24.63818162932944
59.399129198610375,24.63809789353382
59.394641211970736,24.638014179708605
59.3901532176755,24.63793048784514
59.385665215752475,24.637846817934786
59.381177206229474,24.637763169968906
59.37668918913429,24.63767954393887
59.37220116449476,24.637595939836054
59.36771313233867,24.63751235765183
59.36322509269377,24.637428797377577
59.35873704558792,24.637345259004686
59.354248991048884,24.63726174252455
59.34976092910441,24.637178247928563
59.33629669911638,24.6369278953595
59.331808607828066,24.63684448821414
59.31834429047501,24.636594397790915
59.31385617028713,24.636511077958875
59.30936804294377,24.636427779933747
59.300391766901534,24.63626124926997
59.29141546257028,24.63609480573117
59.2375570549362,24.63509797030001
59.43956317924157,24.630040952051047
59.43507525725328,24.629958197395922
59.430587327360115,24.62987546447663
59.42609938958992,24.62979275328461
59.42161144397051,24.629710063811306
59.41712349052971,24.629627396048157
59.41263552929542,24.62954474998662
59.40814756029541,24.62946212561815
59.403659583557534,24.629379522934208
59.390195607194826,24.62913184490421
59.385707599783615,24.62904932887307
59.38121958477361,24.62896683448382
59.37673156219264,24.62888436172796
59.37224353206847,24.62880191059697
59.36775549442888,24.628719481082353
59.36326744930171,24.628637073175607
59.35877939671472,24.628554686868238
59.354291336695724,24.62847232215175
59.349803269272485,24.628389979017665
59.345315194472796,24.6283076574575
59.340827112324455,24.628225357462775
59.336339022855185,24.62814307902502
59.31389846666725,24.62773200989452
59.29145773162097,24.62732147841985
59.23311100832307,24.62625660525861
59.439605039668535,24.621229574690055
59.43062917693872,24.621066401259792
59.42614123374609,24.62098484668412
59.41716532384453,24.62082180176951
59.40818938277349,24.62065884244767
59.403701400619,24.62057739486298
59.39023740801343,24.620333180312866
59.37228531124614,24.620007859741516
59.36779726819924,24.619926582905006
59.36330921766589,24.619845327374257
59.358821159673916,24.6197640931409
59.35433309425106,24.619682880196553
59.349845021425125,24.619601688532857
59.34535694122392,24.619520518141442
59.34086885367517,24.619439369013953
59.33638075880667,24.61935824114204
59.331892656646225,24.619277134517343
59.32740454722156,24.619196049131528
59.322916430560454,24.61911498497624
59.30945203743607,24.61887191981025
59.30496389210674,24.61879094049378
59.444134235384254,24.612498637223677
59.435158377791836,24.612337735690055
59.43067043712785,24.61225731661946
59.426182488589134,24.612176918668574
59.412718596003,24.611935851451026
59.408230616243706,24.611855537895845
59.40374262874887,24.61177524541883
59.39476663066379,24.611614723666104
59.39027862012916,24.611534494373817
59.363350397784224,24.611053560275526
59.35886233446334,24.61097347812455
59.35437426371273,24.61089341696071
59.34988618556021,24.61081337677576
59.3453981000335,24.610733357561458
59.34091000716043,24.610653359309563
59.33642190696874,24.610573382011836
59.31846943357133,24.610253682198074
59.313981297203135,24.610173809547813
59.233193646452904,24.60873966863694
59.44866284414475,24.60376538437184
59.44417492199775,24.603686059741122
59.43968699189363,24.603606755950953
59.43519905386023,24.603527472993118
59.4307111079254,24.603448210859415
59.421735192462755,24.603289749031582
59.417247222990646,24.60321054932106
59.412759245728445,24.60313137040188
59.40827126070398,24.603052212265858
59.39929526747955,24.602893958310556
59.394807259335224,24.602814862474933
59.36339098965462,24.6022617721814
59.35890292108093,24.602182842121056
59.354414845078665,24.602103932745973
59.3499267616756,24.60202504404802
59.34543867089949,24.60194617601907
59.33646246733928,24.6017885019357
59.33197435461072,24.60170969586505
59.22425753435281,24.599824522545
59.4442150189884,24.59487346141802
59.43972708368758,24.594795315180885
59.435239140458584,24.594717189472057
59.43075118932927,24.594639084283447
59.42177526348103,24.59448293543455
59.417287288817775,24.594404891758106
59.39484729922343,24.594014980533306
59.38138321344577,24.593781279234324
59.36791905957007,24.593547761746848
59.35894291952463,24.593392185432304
59.35445483834679,24.59331442785411
59.34547865381981,24.593158973815797
59.32303806446575,24.592770694868815
59.314061778092565,24.592615525581735
59.309573624167385,24.592537971397356
59.45323038330385,24.586214880615255
59.4487424588204,24.58613785146678
59.44425452635417,24.586060842558524
59.439766585933036,24.585983853882514
59.42630271721865,24.58575300916825
59.42181474525629,24.585676101341534
59.417326765478236,24.58559921370725
59.4128387779123,24.585522346257438
59.390398724238324,24.5851383114975
59.38142264922728,24.58498483860702
59.37244654395481,24.584831446200607
59.363470408643295,24.584678134214972
59.35898232979238,24.58460150836018
59.35449424351509,24.584524902586878
59.33654182469756,24.58421868015076
59.323077433968294,24.58398922379296
59.318589289279764,24.583912778387766
59.30063663903834,24.583607196794464
59.21087172759812,24.582084073826746
59.45326931113376,24.577399925472726
59.44429344409305,24.577248203466784
59.43531754523702,24.577096561173192
59.43082958394788,24.5770207698989
59.42634161478843,24.576944998529147
59.417365652969984,24.576793515471916
59.412877660366654,24.57671780376877
59.394925612641885,24.57641515561003
59.3904375815219,24.576339543194724
59.38594954278204,24.576263950613548
59.38146149645011,24.5761883778587
59.37697344255389,24.576112824922383
59.354533060581524,24.575735357246053
59.318628066197924,24.575132436695366
59.314139909319216,24.57505716040187
59.30965174529283,24.574981903810404
59.28721081891734,24.574605916113086
59.210910384482744,24.573331227803198
59.439843821770516,24.568360870916994
59.43535586341309,24.568286217003223
59.42637992303488,24.568136967993343
59.42189194106976,24.568062372881798
59.41291595372664,24.567913241406888
59.390475850092415,24.567540755057816
59.385987806397864,24.567466316412975
59.35457128954414,24.56694579213341
59.33661883086537,24.566648778197568
59.32764255770263,24.56650038789699
59.32315441026261,24.566426221886807
59.318666255620485,24.566352075293196
59.314178093804,24.566277948108528
59.309689924840946,24.566203840325176
59.29622537534967,24.56598163330694
59.43539359211114,24.55947585322479
59.430905620967664,24.559402375896195
59.42641764195601,24.559328917864526
59.41295365799031,24.559108659475132
59.39051352994792,24.558741947389514
59.37704936148665,24.55852215094279
59.35460893040099,24.55815620755072
59.34563270600424,24.55800996442452
59.341144582782135,24.557936871594986
59.327680169354345,24.557717707950356
59.32319201705042,24.557644691658414
59.318703857545465,24.557571694482082
59.31421569086719,24.55749871641386
59.30972751704338,24.557425757446246
59.305239336101764,24.557352817571743
59.30075114807008,24.557279896782852
59.215474265230355,24.555898018122818
59.1436603155366,24.554739635171188
59.43543073132918,24.550665470141823
59.43094275537312,24.55059314979754
59.42645477154991,24.550520848446375
59.41747878041337,24.550376302693493
59.412990773155705,24.550304058276822
59.40401473540076,24.55015962632568
59.399526704959094,24.550087438776277
59.38606256771114,24.54987098974329
59.38157450674687,24.549798877912533
59.36362218755637,24.549510619625604
59.359134089064355,24.54943860227574
59.34118162115224,24.549150721541068
59.336693485827105,24.549078798486534
59.33220534321863,24.549006894268846
59.3277171933546,24.548935008880598
59.32322903626282,24.5488631423144
59.31874087197098,24.54879129456286
59.314252700506856,24.54871946561859
59.291811736573294,24.548360602747998
59.435467281065385,24.54185506805825
59.430979300373096,24.541783904705767
59.42649131181467,24.541712760042586
59.422003315417975,24.54164163406135
59.41302729922099,24.54149943811529
59.399563216834004,24.541286284126976
59.38161099971551,24.54100233970506
59.37712292646608,24.540931400139247
59.37263484568429,24.540860479174665
59.35468244778975,24.54057698118234
59.327753629701576,24.540152290988793
59.32326546789787,24.540081574155735
59.31877729889514,24.54001087583637
59.314289122721156,24.539940196023434
59.300824551449026,24.539728267550554
59.287359916634244,24.539516505374195
59.54321245779695,24.534730334299255
59.435503241317825,24.533044647278004
59.43101525596571,24.532974640924685
59.42652726274846,24.53290465295685
59.42203926169389,24.532834683367263
59.41306323618424,24.532694799293875
59.395111092341786,24.53241525136784
59.39062303720528,24.532345410223527
59.386134974454045,24.53227558739966
59.37267074078996,24.532066228778703
59.3188131383161,24.531230438603455
59.31432495750818,24.531160907929117
59.29637216312861,24.53088296714469
59.28739572363846,24.530744105800313
59.278419256243915,24.53060531707845
59.26495450331644,24.530397270038304
58.04847577221435,24.512253673706013
59.435538612084706,24.524234208105028
59.43105062214914,24.52416535875812
59.3592417325757,24.523066223479876
59.31884839023205,24.522449983164954
59.31436020486614,24.522381601636365
59.287430943669015,24.521971688070803
59.2784544671731,24.521835193135235
59.26947796299846,24.521698769566072
59.26498970060089,24.5216305845264
59.15726941578129,24.519999473741013
59.13931567899581,24.519728613150637
59.440061379915875,24.515491460961485
59.39069309843404,24.514747626672726
59.36825266375075,24.514410229334615
59.3233712373208,24.513736759801418
59.26502431128895,24.512863881193876
59.242582874963965,24.51252894793178
59.238094567496915,24.51246201376742
59.22911793258236,24.51232819787194
59.444583559203274,24.5067463988719
59.44009557613787,24.506679828590382
59.426631579545614,24.506480222644992
59.31891713154175,24.504889018874618
59.25608177237304,24.5039654253377
59.25159348068744,24.503899583652196
59.24710518225031,24.503833759168195
59.24261687708932,24.503767951878945
59.23812856523221,24.503702161777717
59.233640246706614,24.503636388857778
59.22915192154026,24.503570633112393
59.193245084462966,24.503045204627032
59.18426831072293,24.50291401878127
59.175291511637134,24.502782901338577
59.17080310265867,24.50271736825166
59.16631468742669,24.502651852245457
59.16182626596883,24.502586353313298
59.157337838312706,24.502520871448493
59.1483609645162,24.50238995889431
59.139384066258195,24.502259114529576
59.134895608025154,24.502193717901612
59.440129182792575,24.4978681787315
59.43564118745404,24.49780278326915
59.36383220803709,24.496758787342788
59.354855949280406,24.49662859566081
59.296509556901604,24.49578401026442
59.24713860246975,24.495071601558614
59.24265029299343,24.495006938638088
59.238161976821914,24.494942292606726
59.233673653982855,24.494877663457906
59.229185324503945,24.494813051185016
59.220208645737266,24.49468387724059
59.21123194074336,24.494554770720622
59.202255209743555,24.494425731572342
59.13044045207892,24.493395837451747
59.444650191579626,24.489120766692736
59.44016219987828,24.4890565116889
59.431186192755256,24.48892805231349
59.404257983627815,24.48854307876691
59.34591258839169,24.487711045588064
59.31449531997198,24.487264200495723
59.3100071099959,24.487200432313973
59.242683122674634,24.486245908508074
59.23370647518749,24.486118921182104
59.18433444525967,24.485421674775292
59.13047317606258,24.484663319877658
59.12598469728436,24.48460023057678
59.444682623297986,24.480307925121622
59.43121861186623,24.4801186827769
59.368385635381074,24.47923751993029
59.35940937458222,24.479111903482597
59.34145676423212,24.478860868037813
59.32799222968603,24.47867276401991
59.30555119474243,24.47835958550384
59.25618029957978,24.477672033177576
59.2247620279543,24.477235527984902
59.206808584454144,24.476986454436783
59.193343433776,24.47679981982285
59.13050531570883,24.47593078587473
59.1260168327897,24.475868833223007
59.11703984905514,24.475744976293
59.10806284164283,24.475621183818948
59.45817841769854,24.47168098376002
59.44920245745713,24.471557022945845
59.43125044155764,24.471309296677813
59.37290553073395,24.470505980768497
59.332512154286505,24.469951441219138
59.328023964742414,24.469889906390872
59.31455935290541,24.469705398554005
59.301094676843995,24.469521035556276
59.233770359375406,24.468601387197243
59.21581695197821,24.468356755749923
59.19786344015727,24.468112379582895
59.13053687101614,24.467198235738927
59.126048384031364,24.46713741974266
59.09911733763937,24.466772855994147
59.09014027541533,24.466651461159994
59.54347974911625,24.464023449890153
59.46718561852223,24.462986342457057
59.4626976544247,24.462925480487947
59.458209682274536,24.462864634517725
59.4492337139277,24.462742990548723
59.37742483831036,24.461772135689216
59.32356691133853,24.461046663727906
59.25175473960603,24.46008290623278
59.242778094364155,24.45996271977176
59.22931307638276,24.459782557767447
59.206871247943106,24.459482601183396
59.126079351007725,24.458405990431583
59.45824035696918,24.45404826928285
59.32808567184692,24.452324143097286
59.32359746710354,24.452264923976117
59.319109255170304,24.452205720358833
59.314621036074996,24.452146532239354
59.31013280984535,24.452087359611596
59.278715028806396,24.451673584474985
59.269738457309856,24.45155550208676
59.26076185838508,24.451437481422733
59.4582704417809,24.44523188835996
59.453782453729076,24.44517337555073
59.408902138066786,24.444589092215026
59.38197357647709,24.4442392578121
59.3281156438919,24.443541238034967
59.32362743527251,24.443483168720434
59.310162766391244,24.443309051970306
59.287721509843635,24.44301916100723
59.22488507594155,24.442209479588062
59.19346637066189,24.441805747706347
59.45829993670817,24.43641549205363
59.453811944832594,24.436358137837768
59.42688382667108,24.436014328866023
59.41790772436801,24.435899846237234
59.31468036946823,24.43458760395783
59.31019213556745,24.434530729144026
59.305703894561745,24.434473869214568
59.30121564647883,24.43441702416361
59.29672739134642,24.43436019398532
59.21593762510013,24.43333978736335
59.171053498048515,24.432774963684047
59.45384084612664,24.427542885051885
59.42242465450499,24.427149928927044
59.38651996814006,24.426701719764306
59.3147091549949,24.425808117331403
59.310220917372504,24.425752391433402
59.30573267264595,24.425696680119096
59.30124442084299,24.42564098338276
59.296756161991325,24.42558530121867
59.21147794142266,24.424530101241107
59.20250114694315,24.42441933186202
59.19352432670613,24.424308620271482
59.46284514817632,24.418837705990104
59.4538691576097,24.418727617497545
59.42245294031452,24.41834276309038
59.41347680763113,24.418232934591003
59.31473735307302,24.41702861611555
59.310249111804936,24.416974039139085
59.30576086343346,24.416919476445653
59.301272607986355,24.41686492802966
59.296784345491346,24.4168103938855
59.45389687928035,24.409912335479213
59.426968695094054,24.409589362230545
59.404528326162406,24.409320606375292
59.39555212459368,24.409213202760174
59.3865758925038,24.40910585549388
59.323741431958034,24.408355998678825
59.319253201408635,24.408302542648254
59.31476496370116,24.408249100611055
59.31027671886331,24.408195672561728
59.30578846692284,24.40814225849478
59.301300207907516,24.40808885840473
59.296811941845036,24.40803547228609
59.19806836163535,24.406864501376834
59.193579941135496,24.40681143509328
59.43597190587934,24.400886298660662
59.337233121037066,24.39973117211617
59.33274490863092,24.399678824510204
59.3192802280799,24.399521863922477
59.314791986877864,24.399469571118683
59.31030373854621,24.399417292001985
59.30581548311271,24.39936502656701
59.30132722060506,24.39931277480839
59.29683895105103,24.39926053672076
59.19360687024105,24.398062821594444
59.189118439884915,24.39801091000756
59.46741455863744,24.392436453428452
59.462926564854854,24.39238486514894
59.45843856302602,24.392333290430713
59.44946253534096,24.392230181656718
59.44048647580513,24.39212712706372
59.435998434162755,24.392075620071754
59.43151038464121,24.392024126609027
59.39111758897557,24.391561293381947
59.34174778242127,24.39099709030811
59.337259573861246,24.390945879732605
59.32379490468644,24.390792328460805
59.31930666722244,24.39074117150422
59.314818422601796,24.390690027939215
59.31033017085228,24.39063889776052
59.305841912001654,24.39058778096289
59.30135364607761,24.390536677541068
59.292377093120294,24.390434510803853
59.19812164131198,24.38936497852352
59.19363321393873,24.389314194552597
59.18016789364307,24.389161922091475
59.46744052095941,24.383617653049356
59.46295252381044,24.38356722400638
59.449488484201794,24.38341601639595
59.44500045503783,24.383365640347897
59.44051241793973,24.383315277535516
59.43153632005246,24.38321459159693
59.427048259318966,24.3831642684603
59.39563161670437,24.38281237622788
59.33728543885136,24.38216057393641
59.32830899326591,24.382060493613483
59.32382075964222,24.382010473106032
59.301379484323846,24.381760566903182
59.283426337093594,24.381560877234108
59.462977892795166,24.374749569607253
59.445025810870156,24.374552619869856
59.44053777048571,24.374503414776857
59.43604972219567,24.374454222610197
59.4315616660279,24.374405043364792
59.33731071600602,24.37337525502896
59.33282249356343,24.37332635876795
59.30589300787151,24.37303324992777
59.26998663195251,24.372643153338107
59.21163784232868,24.37201098353102
59.198172579049626,24.371865402667893
59.18021880510399,24.371671471998837
59.1622649304104,24.371477743494957
59.12635688585237,24.371090891719547
59.43607448194257,24.365643504345545
59.43158642256625,24.3655954822165
59.42709835534071,24.365547472699724
59.395681667320694,24.365211758809206
59.32835894681418,24.364494444210283
59.27001127344073,24.36387504692016
59.20717402467429,24.36321035361226
59.1981971696881,24.36311559560855
59.1757549205901,24.36287891676868
59.44507475353463,24.356926540423693
59.43609865217471,24.356832773463644
59.422634441131486,24.356692215360813
59.409170159952126,24.35655176794633
59.35082414936409,24.355944438364745
59.301453475691616,24.355432157770487
59.28798859705373,24.355292700694385
59.28350029021803,24.355246239317733
59.1712904384335,24.354088641214943
59.12191684254262,24.35358168462443
59.08600831953861,24.35321389974061
59.07703113107863,24.353122073037035
59.42265801268237,24.347884942632653
59.418169923657935,24.347839270750455
59.39572936262575,24.3476110911001
59.32840654961881,24.346928344812383
59.29250038018614,24.346565308932277
59.26557045888923,24.346293530234057
59.207221461724465,24.345706136207067
59.19824459449815,24.345615944715497
59.16682535888899,24.34530064475295
59.16233687159056,24.345255648856778
59.157848378107914,24.345210664685737
59.117451663029975,24.344806334022348
59.42268099494517,24.33907765790944
59.41819290294331,24.339033142246844
59.413704803177644,24.338988638271054
59.39575232703348,24.338810739143952
59.377799728893656,24.338633026638036
59.35535881237248,24.33841114799461
59.29701157524546,24.337835621943512
59.28803497049193,24.33774725317522
59.193778982486535,24.336822164564936
59.189290529928705,24.33677823911226
59.148894174500626,24.33638342498364
59.077077224242316,24.335683814111324
59.395774702609785,24.330010375523983
59.36435755660707,24.329707575410904
59.32845180167019,24.329362197828964
59.30601046969021,24.329146704042238
59.29703388722289,24.329060585462003
59.29254558545545,24.329017543068716
59.28805727670248,24.328974511934092
59.19828967734437,24.328116246774908
59.19380122829336,24.328073451055385
59.18931277286589,24.328030666497884
59.13993935022209,24.327560771811577
59.13096228462579,24.327475481010655
59.11300808177735,24.32730503258734
59.068122166963086,24.32687968678847
59.41823709387422,24.321420850482735
59.395796489353515,24.32121000054313
59.39130834546765,24.321167863746478
59.36886751265878,24.320957345480252
59.31949702917307,24.320495175337626
59.310520483580255,24.320411287366852
59.29705561204133,24.32028553771742
59.29256730746603,24.320243643098845
59.28359067738831,24.320159886732746
59.202799785970356,24.31940804629714
59.19831134052817,24.319366380906157
59.144449503653256,24.318867242753615
59.10854112370053,24.318535349858447
59.104052549586505,24.318493911818862
59.09956396964889,24.31845248455908
59.40928208130712,24.31253262620039
59.39581768726359,24.312409614504325
59.39132954063283,24.312368632121302
59.37786505528115,24.312245749459994
59.32849470295907,24.311796005669244
59.3150299085306,24.311673573034366
59.193843963652775,24.310575990847852
59.12651639562123,24.309969556733222
59.12202784236745,24.309929211985484
59.11753928318031,24.30988887773862
59.11305071808743,24.309848553988527
59.10856214711638,24.30980824073111
59.10407357029471,24.30976793796227
59.40032643801592,24.30364905612774
59.39583829633886,24.303609217710513
59.27914401855157,24.302577075546758
59.10409400709029,24.301041953621194
59.40483459746875,24.29488618800237
59.40034646084834,24.294847494156937
59.39585831657835,24.294808810464627
59.39137016468657,24.294770136921443
59.382393838148886,24.294692820266484
59.333023509155986,24.29426830261627
59.27018728407626,24.293729773082056
59.26121056920469,24.293653001153345
59.24325705821193,24.293499577627184
59.23876866369827,24.293461246791736
59.234280262533794,24.29342292596688
59.140022350731876,24.29262049416464
59.12206815281005,24.292468147353354
59.25674155522339,24.28484985976559
59.252253178328786,24.2848126439683
59.23878800735568,24.284701054900403
59.23429960369384,24.284663877973067
59.14453017649894,24.283922373055987
59.11759886484483,24.283700674274904
59.1041331289395,24.283589954666866
59.05924696838011,24.283221512642967
59.395896590545824,24.27720796582843
59.33754996722401,24.276735967899814
59.243295164267934,24.27597689573626
59.23880676483416,24.27594085329729
59.234318358750606,24.27590482027128
59.20738778415403,24.275688819581166
59.19392240932517,24.27558094601292
59.11761755711839,24.27497125350658
59.036822327423266,24.2743286303065
59.35103291383353,24.2680558417197
59.34654467994839,24.26802072366909
59.34205643874862,24.26798561481887
59.328591671539336,24.267880343434424
59.23882493613277,24.26718064228121
59.20291748484143,24.26690178420984
59.113147087741545,24.266207179041885
59.09968132007424,24.26610329997032
59.04581773549583,24.265688593127923
59.39593250915819,24.259607083019315
59.355538784693614,24.259300901992763
59.351050555867836,24.25926692645417
59.34656231970019,24.259232959817822
59.31963275006937,24.25902934675114
59.229865693229684,24.258352940538046
59.19844658891608,24.25811703217736
59.189469643956365,24.258049708899115
59.1131646094724,24.25747887582564
59.10867602383186,24.25744537604727
59.0593012019189,24.25707745298909
59.054812547928265,24.257044057577776
59.045835223424305,24.256977292777453
59.04134655296607,24.256943923381687
59.37799688492625,24.250675074326434
59.364532280786015,24.250576499558566
59.35106760982326,24.250478002286396
59.346579371449174,24.25044518706781
59.337602872787826,24.250379582418578
59.319649788589714,24.250248476177298
59.315161499603015,24.25021572106755
59.238859520186736,24.249660193205425
59.22988268777696,24.249594999117857
59.22090582899536,24.24952983906968
59.21192894406328,24.249464713034232
59.202952033202024,24.249399620984896
59.171532644189355,24.249172066069104
59.099715766154574,24.24865349659039
59.09073854982944,24.248588827132288
59.08176131055747,24.248524191303577
59.07727268238534,24.248491885992046
59.06829540910655,24.24842730055825
59.39596607240815,24.24200616446087
59.386989733127244,24.241942678925742
59.37801336359358,24.241879226690077
59.373525167551435,24.241847513051365
59.36903696402946,24.241815807727697
59.31966623956256,24.241467597026592
59.24785274299621,24.240962895169655
59.24336434130605,24.24093142134604
59.238875932940346,24.240899955743348
59.22989909629306,24.240837049187824
59.10870931079832,24.239991014940497
59.081777649414555,24.239803813913795
59.07728901913916,24.239772642132245
59.38251744431533,24.23311393915317
59.33763520390747,24.232808615310333
59.31968210298709,24.232686709599964
59.25684536098695,24.23226104314899
59.2388917595106,24.232139710063574
59.08179340472745,24.231083428417985
59.0773047724239,24.23105339016957
59.31969737886243,24.223905814198346
59.22993015522835,24.223321124992562
59.0773199422388,24.22233413039868
59.391523829171454,24.215576441314944
59.360106415670316,24.21537866384111
59.33766518361436,24.215237616251994
59.324200357081956,24.21515307633812
59.31971206718785,24.21512491112269
59.22994480564599,24.214563151324512
59.42744313331242,24.206994333160207
59.396026132793864,24.206804229790592
59.238935722113226,24.205858926706302
59.23444729938054,24.20583204501381
59.2299588700293,24.205805170340973
59.07285988786672,24.204868957903898
59.400527843537745,24.198029709047383
59.34218107651183,24.197692480728325
59.27485635815271,24.197304795511652
59.234460779469,24.197072913381785
59.22997234837755,24.197047182340526
59.06838465459967,24.196125318896314
59.34668226954465,24.188930553991238
59.22998524069005,24.18828918762178
59.0594201652781,24.18735960029351
59.32425324170864,24.180024794796402
59.319764944975844,24.180001228098487
59.31078833010614,24.179954113208197
59.05045506416546,24.17859842955994
59.351194631739034,24.171377333966987
59.342218114812646,24.1713324352075
59.24347455490062,24.170840097093937
59.23000926720531,24.170773179223744
59.04148935193568,24.169841803455896
59.23450883870255,24.162036322631412
59.22553195752196,24.16199401517581
59.03701173034986,24.16111063421322
59.33775159512946,24.15373890275435
59.25696148171402,24.153377303064204
59.22554250432372,24.153237139914776
59.0774202957571,24.152579806493524
59.02804480997673,24.15236194677451
59.265948244439784,24.14465021541914
59.22555246516242,24.144480259430466
59.21657555244243,24.14444254565523
59.01907728031958,24.14361779544201
59.33777099341049,24.13616778976093
59.333282711432894,24.136149957258862
59.279422772030166,24.13593633097506
59.23005028778034,24.13574109494626
59.19863101677516,24.135617145561064
59.01459787355634,24.134895677875047
59.34675635520989,24.127415603123612
59.34226808662599,24.12739891242854
59.319826635046915,24.127315524501658
59.30187334505698,24.127248892715407
59.28840830363887,24.1271989646277
59.00562913891609,24.126159451420147
59.33778804025117,24.118596658079916
59.32881146466082,24.11856559934526
59.29739322483004,24.11845702176435
59.283928159297815,24.118410549367535
59.225578831895376,24.118209589622754
59.35574874975885,24.10986864706839
59.342283959798486,24.109825470600825
59.33779568188027,24.10981108598513
59.22109799139736,24.10943840409343
59.001156114203816,24.108742874442168
59.342291014478825,24.101038743882555
59.33780273564803,24.10102551012274
59.33331444956466,24.1010122798291
59.34678575360856,24.092264099765316
59.33780920155408,24.09223993079416
59.21662299997416,24.091914884640893
59.20764604898658,24.091890898256356
59.1986690722031,24.091866924387666
59.18969206984494,24.091842963025023
58.99668075175584,24.091330800191717
59.34230336002589,24.08346528034493
59.3378150795981,24.083454348300833
59.33332679191806,24.08344341912005
59.22111732405401,24.08317111689964
59.21214038453534,24.08314940947767
59.18520941142885,24.083084355145427
59.18072089366282,24.08307352265209
59.35577345043845,24.074707903063548
59.34230865089198,24.074678544128677
59.33782036977976,24.074668762944185
59.17174910427026,24.074308651673554
59.162772023648614,24.074289285125875
59.153794918337745,24.0742699286703
59.13584063453221,24.074231246003922
58.996691811066775,24.073932816094285
59.36026640762687,24.06592634926736
59.355778155191764,24.065917709892776
59.35128989539364,24.0659090727822
59.34680162826025,24.06590043793475
59.342313353819414,24.06589180534953
59.21663881524664,24.06565100783323
58.96976383618671,24.065183100052312
59.36027052474578,24.05713500176416
59.355782271777926,24.057127514457996
59.35129401144714,24.057120029113932
59.346805743781225,24.057112545731204
59.34231746880795,24.057105064309038
59.35578580019669,24.048337317061108
59.351297539409366,24.048330983484334
59.22113489846008,24.04814802902062
59.216646429684594,24.048141744947824
59.21215795440544,24.048135462515155
59.38271815186545,24.039578237399805
59.37822993529059,24.039573047433226
59.37374171121413,24.039567858827603
59.35578874044792,24.039547118004027
59.279487321912946,24.039459211546088
59.22114017031491,24.030636474043003
59.28846817341141,24.021923621098278
59.23011884714907,24.021886408625328
59.194211012310014,24.021863571366005
59.18972250402143,24.021860720059163
59.23460846880705,24.01313005659686
59.22563156190546,24.01312662834433
59.221143683908764,24.004369134492393
59.20767825469807,24.004367424216554
59.230120603520604,23.995612208445472
59.360282284920125,23.986804176445304
59.23460846704869,23.986852424982516
59.23460553528212,23.969334005650353
58.727362776409386,23.935252592801447
59.243564823936154,23.92551852870405
59.2615008950236,23.89918140245905
59.24803565939391,23.899220913734823
59.28840828661508,23.87278348951954
59.25698961476349,23.872899852212047
59.248003994414525,23.864170449839897
59.27042663643227,23.846545011841695
59.229730279820345,23.680324217140992
58.964882437955296,23.674077043863566
58.28354182569978,22.538113226700904
58.48428580103394,22.42686606930763
58.285620432985645,22.026424319590852
